name,gender
Alan,male
Alexander,male
Alexander,male
Alexei,male
Aline,female
Amir,male
Amy,female
Andreas,male
Andreas,male
Andrei,male
Andrei,male
Andrew,male
Antonio,male
Arnaldo,male
Arun,male
Benito,male
Boris,male
Chaya,female
Chris,male
Chris,male
Cory,male
Costas,male
Daniel,male
Daquan,male
Dieter,male
Dominic,male
Eduardo,male
Ehsan,male
Ehsan,male
Francesco,male
Frank,male
Friedrich,male
George,male
Gerhard,male
Giuseppe,male
Grzegorz,male
Hao,male
Ian,male
Ina,female
Ivan,male
Jacques,male
Jakub,male
Jakub,male
James,male
James,male
Jan,male
Janet,female
Jason,male
Jawad,male
Jeremy,male
Jun,male
Justin,male
Kai,male
Karin,female
Kira,female
Lucas,male
Lucas,male
Marcin,male
Mark,male
Martin,male
Mathew,male
Matthias,male
Maxime,male
Micha,female
Michael,male
Michael,male
Michael,male
Michel,male
Mikhail,male
Mikhail,male
Nathaniel,male
Nitin,male
Panagiotis,male
Peter,male
Pooja,female
Rainer,male
Ren,male
Robert,male
Robert,male
Roman,male
Ronen,male
Russell,male
Serge,male
Shyam,male
Sidney,male
Silvia,female
Stefano,male
Tilman,male
Tomasz,male
Tomasz,male
Valentin,male
Venkat,male
Vikram,male
Viktor,male
Virginia,female
Walter,male
Will,male
William,male
Wojciech,male
Wojciech,male
Wojciech,male
Yang,male
Zaid,male
Zoltan,male
